device_id,date,time,temperature,RH,PM2.5,lat,lon
74DA38C7D4B4,2025-04-17,00:00:34,25.87,71.0,32.0,23.605,120.459
74DA38B0539E,2025-04-17,00:00:55,25.37,100.0,122.0,23.581,120.559
74DA38C7D652,2025-04-17,00:01:33,23.12,89.0,16.0,24.784,121.022
74DA38C7D408,2025-04-17,00:01:34,24.0,100.0,15.0,23.755,120.374
74DA38C7D606,2025-04-17,00:01:37,24.75,77.0,26.0,24.822,120.973
74DA38C7D58C,2025-04-17,00:01:49,23.0,100.0,26.0,24.843,120.927
74DA38B053B2,2025-04-17,00:02:43,25.62,100.0,17.0,23.462,120.454
74DA38C7D640,2025-04-17,00:03:00,25.25,100.0,24.0,24.802,120.959
74DA38B053CA,2025-04-17,00:03:05,23.37,74.0,25.0,24.948,121.206
74DA38B053AE,2025-04-17,00:04:10,27.5,69.0,42.0,24.304,120.73
74DA38C7D60A,2025-04-17,00:04:21,25.75,100.0,0.0,24.741,120.906
74DA38C7D510,2025-04-17,00:04:59,24.75,100.0,26.0,24.789,120.927
74DA38C7CEAC,2025-04-17,00:05:25,24.87,100.0,23.0,23.459,120.455
74DA38C7D63E,2025-04-17,00:05:57,22.75,100.0,9.0,24.747,121.004
74DA38C7D4B4,2025-04-17,00:06:37,26.0,70.0,32.0,23.605,120.459
74DA38B0539E,2025-04-17,00:06:53,25.75,100.0,92.0,23.581,120.559
74DA38C7D652,2025-04-17,00:07:35,23.12,87.0,16.0,24.784,121.022
74DA38C7D606,2025-04-17,00:07:40,24.75,76.0,26.0,24.822,120.973
74DA38C7D58C,2025-04-17,00:07:51,23.12,100.0,25.0,24.843,120.927
74DA38B053B2,2025-04-17,00:08:38,25.87,100.0,18.0,23.462,120.454
74DA38B053CA,2025-04-17,00:08:59,23.37,74.0,25.0,24.948,121.206
74DA38C7D640,2025-04-17,00:09:03,25.25,100.0,23.0,24.802,120.959
74DA38B053AE,2025-04-17,00:10:08,28.0,67.0,75.0,24.304,120.73
74DA38C7D60A,2025-04-17,00:10:22,26.0,100.0,0.0,24.741,120.906
74DA38C7D510,2025-04-17,00:10:56,25.0,100.0,30.0,24.789,120.927
74DA38C7CEAC,2025-04-17,00:11:27,25.12,100.0,25.0,23.459,120.455
74DA38C7D63E,2025-04-17,00:11:59,22.75,100.0,9.0,24.747,121.004
74DA38C7D4B4,2025-04-17,00:12:39,26.25,69.0,30.0,23.605,120.459
74DA38B0539E,2025-04-17,00:12:51,26.0,100.0,114.0,23.581,120.559
74DA38C7D652,2025-04-17,00:13:39,23.25,88.0,17.0,24.784,121.022
74DA38C7D606,2025-04-17,00:13:46,24.87,76.0,25.0,24.822,120.973
74DA38C7D58C,2025-04-17,00:13:53,23.37,100.0,25.0,24.843,120.927
74DA38C7D408,2025-04-17,00:14:05,24.5,100.0,13.0,23.755,120.374
74DA38B053B2,2025-04-17,00:14:33,26.12,100.0,16.0,23.462,120.454
74DA38B053CA,2025-04-17,00:14:53,23.37,74.0,25.0,24.948,121.206
74DA38C7D640,2025-04-17,00:15:09,25.37,100.0,22.0,24.802,120.959
74DA38B053AE,2025-04-17,00:16:04,28.5,67.0,72.0,24.304,120.73
74DA38C7D60A,2025-04-17,00:16:24,26.25,100.0,0.0,24.741,120.906
74DA38C7D510,2025-04-17,00:16:52,25.25,100.0,28.0,24.789,120.927
74DA38C7CEAC,2025-04-17,00:17:31,25.12,100.0,25.0,23.459,120.455
74DA38C7D63E,2025-04-17,00:18:01,22.87,100.0,9.0,24.747,121.004
74DA38C7D4B4,2025-04-17,00:18:43,26.25,70.0,30.0,23.605,120.459
74DA38B0539E,2025-04-17,00:18:47,26.5,100.0,63.0,23.581,120.559
74DA38C7D652,2025-04-17,00:19:41,23.37,88.0,16.0,24.784,121.022
74DA38C7D606,2025-04-17,00:19:52,24.87,76.0,27.0,24.822,120.973
74DA38C7D58C,2025-04-17,00:19:57,23.5,100.0,24.0,24.843,120.927
74DA38C7D408,2025-04-17,00:20:06,24.62,100.0,14.0,23.755,120.374
74DA38B053B2,2025-04-17,00:20:28,26.37,100.0,13.0,23.462,120.454
74DA38B053CA,2025-04-17,00:20:47,23.37,74.0,24.0,24.948,121.206
74DA38C7D640,2025-04-17,00:21:11,25.5,100.0,20.0,24.802,120.959
74DA38B053AE,2025-04-17,00:22:00,29.0,66.0,21.0,24.304,120.73
74DA38C7D60A,2025-04-17,00:22:25,26.37,100.0,0.0,24.741,120.906
74DA38C7D510,2025-04-17,00:22:48,25.5,100.0,17.0,24.789,120.927
74DA38C7CEAC,2025-04-17,00:23:35,25.25,100.0,25.0,23.459,120.455
74DA38C7D63E,2025-04-17,00:24:05,23.0,100.0,8.0,24.747,121.004
74DA38B0539E,2025-04-17,00:24:45,26.62,100.0,82.0,23.581,120.559
74DA38C7D4B4,2025-04-17,00:24:46,26.25,70.0,30.0,23.605,120.459
74DA38C7D652,2025-04-17,00:25:43,23.5,87.0,16.0,24.784,121.022
74DA38C7D606,2025-04-17,00:25:58,25.0,76.0,26.0,24.822,120.973
74DA38C7D58C,2025-04-17,00:26:01,23.5,100.0,24.0,24.843,120.927
74DA38C7D408,2025-04-17,00:26:09,24.87,100.0,12.0,23.755,120.374
74DA38B053B2,2025-04-17,00:26:24,26.5,100.0,13.0,23.462,120.454
74DA38B053CA,2025-04-17,00:26:41,23.37,74.0,24.0,24.948,121.206
74DA38C7D640,2025-04-17,00:27:17,25.62,100.0,20.0,24.802,120.959
74DA38B053AE,2025-04-17,00:27:56,29.0,66.0,21.0,24.304,120.73
74DA38C7D60A,2025-04-17,00:28:27,26.62,100.0,0.0,24.741,120.906
74DA38C7D510,2025-04-17,00:28:44,25.62,100.0,13.0,24.789,120.927
74DA38C7CEAC,2025-04-17,00:29:39,25.37,100.0,25.0,23.459,120.455
74DA38C7D63E,2025-04-17,00:30:08,23.12,100.0,7.0,24.747,121.004
74DA38B0539E,2025-04-17,00:30:43,27.0,100.0,96.0,23.581,120.559
74DA38C7D4B4,2025-04-17,00:30:49,26.37,70.0,30.0,23.605,120.459
74DA38C7D652,2025-04-17,00:31:46,23.62,87.0,17.0,24.784,121.022
74DA38C7D606,2025-04-17,00:32:02,25.12,76.0,26.0,24.822,120.973
74DA38C7D58C,2025-04-17,00:32:04,23.62,100.0,22.0,24.843,120.927
74DA38C7D408,2025-04-17,00:32:14,25.0,100.0,12.0,23.755,120.374
74DA38B053B2,2025-04-17,00:32:19,26.62,100.0,13.0,23.462,120.454
74DA38C7D640,2025-04-17,00:33:18,25.5,100.0,20.0,24.802,120.959
74DA38B053AE,2025-04-17,00:33:51,29.0,66.0,17.0,24.304,120.73
74DA38C7D60A,2025-04-17,00:34:28,26.75,100.0,0.0,24.741,120.906
74DA38C7D510,2025-04-17,00:34:40,25.75,100.0,12.0,24.789,120.927
74DA38C7CEAC,2025-04-17,00:35:43,25.37,100.0,22.0,23.459,120.455
74DA38C7D63E,2025-04-17,00:36:10,23.25,100.0,6.0,24.747,121.004
74DA38B0539E,2025-04-17,00:36:39,27.25,100.0,57.0,23.581,120.559
74DA38C7D4B4,2025-04-17,00:36:52,26.37,70.0,30.0,23.605,120.459
74DA38C7D652,2025-04-17,00:37:49,23.62,87.0,17.0,24.784,121.022
74DA38C7D606,2025-04-17,00:38:05,25.12,78.0,25.0,24.822,120.973
74DA38C7D58C,2025-04-17,00:38:08,23.75,100.0,23.0,24.843,120.927
74DA38B053B2,2025-04-17,00:38:14,26.75,100.0,14.0,23.462,120.454
74DA38C7D408,2025-04-17,00:38:17,25.12,100.0,14.0,23.755,120.374
74DA38B053CA,2025-04-17,00:38:29,23.37,74.0,25.0,24.948,121.206
74DA38C7D640,2025-04-17,00:39:25,25.62,100.0,17.0,24.802,120.959
74DA38B053AE,2025-04-17,00:39:47,29.0,66.0,19.0,24.304,120.73
74DA38C7D60A,2025-04-17,00:40:30,27.0,100.0,0.0,24.741,120.906
74DA38C7D510,2025-04-17,00:40:37,26.0,100.0,11.0,24.789,120.927
74DA38C7CEAC,2025-04-17,00:41:47,25.37,100.0,21.0,23.459,120.455
74DA38C7D63E,2025-04-17,00:42:12,23.25,100.0,6.0,24.747,121.004
74DA38B0539E,2025-04-17,00:42:36,27.5,100.0,68.0,23.581,120.559
74DA38C7D4B4,2025-04-17,00:42:54,26.37,70.0,30.0,23.605,120.459
74DA38C7D652,2025-04-17,00:43:53,23.75,86.0,16.0,24.784,121.022
74DA38B053B2,2025-04-17,00:44:09,27.0,100.0,15.0,23.462,120.454
74DA38C7D606,2025-04-17,00:44:09,25.25,80.0,23.0,24.822,120.973
74DA38C7D58C,2025-04-17,00:44:10,23.87,100.0,21.0,24.843,120.927
74DA38C7D408,2025-04-17,00:44:18,25.25,100.0,15.0,23.755,120.374
74DA38B053CA,2025-04-17,00:44:23,23.37,74.0,24.0,24.948,121.206
74DA38C7D640,2025-04-17,00:45:27,25.75,100.0,16.0,24.802,120.959
74DA38B053AE,2025-04-17,00:45:46,29.36,63.0,19.0,24.304,120.73
74DA38C7D60A,2025-04-17,00:46:31,26.87,100.0,0.0,24.741,120.906
74DA38C7D510,2025-04-17,00:46:33,26.12,100.0,12.0,24.789,120.927
74DA38C7CEAC,2025-04-17,00:47:48,25.37,100.0,20.0,23.459,120.455
74DA38C7D63E,2025-04-17,00:48:16,23.37,100.0,6.0,24.747,121.004
74DA38B0539E,2025-04-17,00:48:32,27.5,100.0,57.0,23.581,120.559
74DA38C7D4B4,2025-04-17,00:48:56,26.37,70.0,30.0,23.605,120.459
74DA38C7D652,2025-04-17,00:49:55,23.75,86.0,16.0,24.784,121.022
74DA38B053B2,2025-04-17,00:50:05,26.75,100.0,15.0,23.462,120.454
74DA38C7D606,2025-04-17,00:50:12,25.25,80.0,22.0,24.822,120.973
74DA38C7D58C,2025-04-17,00:50:13,23.87,100.0,21.0,24.843,120.927
74DA38B053CA,2025-04-17,00:50:17,23.37,75.0,24.0,24.948,121.206
74DA38C7D408,2025-04-17,00:50:27,25.37,100.0,16.0,23.755,120.374
74DA38C7D640,2025-04-17,00:51:30,25.87,100.0,15.0,24.802,120.959
74DA38B053AE,2025-04-17,00:51:42,30.11,63.0,19.0,24.304,120.73
74DA38C7D510,2025-04-17,00:52:29,26.12,100.0,12.0,24.789,120.927
74DA38C7D60A,2025-04-17,00:52:33,26.87,100.0,0.0,24.741,120.906
74DA38C7CEAC,2025-04-17,00:53:50,25.37,100.0,20.0,23.459,120.455
74DA38C7D63E,2025-04-17,00:54:18,23.5,100.0,5.0,24.747,121.004
74DA38B0539E,2025-04-17,00:54:28,27.5,100.0,47.0,23.581,120.559
74DA38C7D4B4,2025-04-17,00:54:58,26.62,70.0,30.0,23.605,120.459
74DA38C7D652,2025-04-17,00:55:58,23.87,86.0,16.0,24.784,121.022
74DA38B053B2,2025-04-17,00:56:00,26.87,100.0,16.0,23.462,120.454
74DA38B053CA,2025-04-17,00:56:11,23.37,75.0,23.0,24.948,121.206
74DA38C7D606,2025-04-17,00:56:15,25.25,80.0,21.0,24.822,120.973
74DA38C7D58C,2025-04-17,00:56:16,23.87,100.0,18.0,24.843,120.927
74DA38C7D408,2025-04-17,00:56:30,25.5,100.0,15.0,23.755,120.374
74DA38C7D640,2025-04-17,00:57:36,25.75,100.0,16.0,24.802,120.959
74DA38B053AE,2025-04-17,00:57:38,30.75,62.0,18.0,24.304,120.73
74DA38C7D510,2025-04-17,00:58:25,26.25,100.0,13.0,24.789,120.927
74DA38C7D60A,2025-04-17,00:58:34,26.87,100.0,0.0,24.741,120.906
74DA38C7CEAC,2025-04-17,00:59:52,25.5,100.0,21.0,23.459,120.455
74DA38C7D63E,2025-04-17,01:00:20,23.5,100.0,6.0,24.747,121.004
74DA38B0539E,2025-04-17,01:00:24,27.5,100.0,47.0,23.581,120.559
74DA38C7D4B4,2025-04-17,01:01:02,26.62,70.0,31.0,23.605,120.459
74DA38B053B2,2025-04-17,01:01:55,26.87,100.0,16.0,23.462,120.454
74DA38C7D652,2025-04-17,01:02:02,23.87,85.0,15.0,24.784,121.022
74DA38B053CA,2025-04-17,01:02:05,23.37,75.0,24.0,24.948,121.206
74DA38C7D606,2025-04-17,01:02:17,25.37,80.0,21.0,24.822,120.973
74DA38C7D58C,2025-04-17,01:02:18,23.87,100.0,15.0,24.843,120.927
74DA38C7D408,2025-04-17,01:02:32,25.62,100.0,13.0,23.755,120.374
74DA38C7D640,2025-04-17,01:03:41,25.87,100.0,15.0,24.802,120.959
74DA38C7D510,2025-04-17,01:04:21,26.37,100.0,13.0,24.789,120.927
74DA38C7D60A,2025-04-17,01:04:35,27.0,100.0,0.0,24.741,120.906
74DA38C7CEAC,2025-04-17,01:05:56,25.62,100.0,22.0,23.459,120.455
74DA38B0539E,2025-04-17,01:06:20,27.75,100.0,33.0,23.581,120.559
74DA38C7D63E,2025-04-17,01:06:21,23.5,100.0,5.0,24.747,121.004
74DA38C7D4B4,2025-04-17,01:07:05,26.62,70.0,32.0,23.605,120.459
74DA38B053B2,2025-04-17,01:07:50,27.0,100.0,17.0,23.462,120.454
74DA38B053CA,2025-04-17,01:08:00,23.37,75.0,23.0,24.948,121.206
74DA38C7D652,2025-04-17,01:08:06,24.0,85.0,15.0,24.784,121.022
74DA38C7D58C,2025-04-17,01:08:20,23.87,100.0,13.0,24.843,120.927
74DA38C7D606,2025-04-17,01:08:20,25.37,80.0,21.0,24.822,120.973
74DA38C7D408,2025-04-17,01:08:34,25.75,100.0,12.0,23.755,120.374
74DA38B053AE,2025-04-17,01:09:29,30.75,62.0,14.0,24.304,120.73
74DA38C7D640,2025-04-17,01:09:43,25.87,100.0,16.0,24.802,120.959
74DA38C7D510,2025-04-17,01:10:17,26.37,100.0,11.0,24.789,120.927
74DA38C7D60A,2025-04-17,01:10:38,27.0,100.0,0.0,24.741,120.906
74DA38C7CEAC,2025-04-17,01:11:59,25.62,100.0,24.0,23.459,120.455
74DA38B0539E,2025-04-17,01:12:16,27.87,100.0,37.0,23.581,120.559
74DA38C7D63E,2025-04-17,01:12:24,23.62,100.0,5.0,24.747,121.004
74DA38C7D4B4,2025-04-17,01:13:08,26.75,70.0,32.0,23.605,120.459
74DA38B053B2,2025-04-17,01:13:46,27.25,100.0,16.0,23.462,120.454
74DA38B053CA,2025-04-17,01:13:57,23.37,75.0,21.0,24.948,121.206
74DA38C7D652,2025-04-17,01:14:08,24.0,85.0,15.0,24.784,121.022
74DA38C7D58C,2025-04-17,01:14:23,24.0,100.0,15.0,24.843,120.927
74DA38C7D606,2025-04-17,01:14:23,25.37,79.0,21.0,24.822,120.973
74DA38C7D408,2025-04-17,01:14:37,25.87,100.0,10.0,23.755,120.374
74DA38B053AE,2025-04-17,01:15:25,30.61,62.0,15.0,24.304,120.73
74DA38C7D640,2025-04-17,01:15:45,25.87,100.0,17.0,24.802,120.959
74DA38C7D510,2025-04-17,01:16:14,26.62,100.0,13.0,24.789,120.927
74DA38C7D60A,2025-04-17,01:16:38,27.25,100.0,0.0,24.741,120.906
74DA38C7CEAC,2025-04-17,01:18:02,25.75,100.0,24.0,23.459,120.455
74DA38B0539E,2025-04-17,01:18:11,28.0,100.0,29.0,23.581,120.559
74DA38C7D63E,2025-04-17,01:18:25,23.62,98.0,5.0,24.747,121.004
74DA38C7D4B4,2025-04-17,01:19:11,26.75,69.0,31.0,23.605,120.459
74DA38B053B2,2025-04-17,01:19:41,27.25,100.0,18.0,23.462,120.454
74DA38B053CA,2025-04-17,01:19:51,23.37,74.0,24.0,24.948,121.206
74DA38C7D652,2025-04-17,01:20:10,24.12,84.0,14.0,24.784,121.022
74DA38C7D606,2025-04-17,01:20:25,25.37,80.0,21.0,24.822,120.973
74DA38C7D58C,2025-04-17,01:20:26,24.0,100.0,16.0,24.843,120.927
74DA38C7D408,2025-04-17,01:20:39,26.12,100.0,10.0,23.755,120.374
74DA38B053AE,2025-04-17,01:21:20,30.5,62.0,17.0,24.304,120.73
74DA38C7D640,2025-04-17,01:21:47,25.87,100.0,16.0,24.802,120.959
74DA38C7D510,2025-04-17,01:22:10,26.62,100.0,12.0,24.789,120.927
74DA38C7D60A,2025-04-17,01:22:40,27.0,100.0,0.0,24.741,120.906
74DA38C7CEAC,2025-04-17,01:24:05,25.87,100.0,24.0,23.459,120.455
74DA38B0539E,2025-04-17,01:24:07,28.11,100.0,28.0,23.581,120.559
74DA38C7D63E,2025-04-17,01:24:28,23.75,96.0,5.0,24.747,121.004
74DA38C7D4B4,2025-04-17,01:25:13,26.75,69.0,32.0,23.605,120.459
74DA38B053B2,2025-04-17,01:25:36,27.37,100.0,18.0,23.462,120.454
74DA38B053CA,2025-04-17,01:25:45,23.37,74.0,26.0,24.948,121.206
74DA38C7D652,2025-04-17,01:26:13,24.12,84.0,14.0,24.784,121.022
74DA38C7D58C,2025-04-17,01:26:27,24.12,100.0,14.0,24.843,120.927
74DA38C7D606,2025-04-17,01:26:27,25.37,79.0,22.0,24.822,120.973
74DA38C7D408,2025-04-17,01:26:41,26.25,100.0,11.0,23.755,120.374
74DA38B053AE,2025-04-17,01:27:16,30.36,63.0,20.0,24.304,120.73
74DA38C7D640,2025-04-17,01:27:49,25.62,100.0,16.0,24.802,120.959
74DA38C7D60A,2025-04-17,01:28:42,26.87,100.0,0.0,24.741,120.906
74DA38B0539E,2025-04-17,01:30:02,28.36,100.0,24.0,23.581,120.559
74DA38C7CEAC,2025-04-17,01:30:08,26.0,100.0,25.0,23.459,120.455
74DA38C7D63E,2025-04-17,01:30:30,23.75,98.0,6.0,24.747,121.004
74DA38C7D4B4,2025-04-17,01:31:15,26.62,69.0,32.0,23.605,120.459
74DA38B053B2,2025-04-17,01:31:31,27.5,100.0,20.0,23.462,120.454
74DA38B053CA,2025-04-17,01:31:39,23.37,75.0,24.0,24.948,121.206
74DA38C7D652,2025-04-17,01:32:14,24.25,83.0,15.0,24.784,121.022
74DA38C7D58C,2025-04-17,01:32:29,24.12,100.0,13.0,24.843,120.927
74DA38C7D606,2025-04-17,01:32:32,25.37,78.0,22.0,24.822,120.973
74DA38C7D408,2025-04-17,01:32:43,26.5,100.0,11.0,23.755,120.374
74DA38B053AE,2025-04-17,01:33:12,31.0,62.0,21.0,24.304,120.73
74DA38C7D510,2025-04-17,01:34:02,26.5,100.0,12.0,24.789,120.927
74DA38C7D640,2025-04-17,01:34:07,25.87,100.0,16.0,24.802,120.959
74DA38C7D60A,2025-04-17,01:34:43,26.62,100.0,0.0,24.741,120.906
74DA38B0539E,2025-04-17,01:35:58,28.5,100.0,23.0,23.581,120.559
74DA38C7CEAC,2025-04-17,01:36:13,26.12,100.0,27.0,23.459,120.455
74DA38C7D63E,2025-04-17,01:36:31,23.87,96.0,5.0,24.747,121.004
74DA38C7D4B4,2025-04-17,01:37:17,26.62,69.0,32.0,23.605,120.459
74DA38B053B2,2025-04-17,01:37:27,27.87,100.0,19.0,23.462,120.454
74DA38B053CA,2025-04-17,01:37:33,23.37,74.0,24.0,24.948,121.206
74DA38C7D652,2025-04-17,01:38:17,24.25,83.0,15.0,24.784,121.022
74DA38C7D58C,2025-04-17,01:38:31,24.12,100.0,15.0,24.843,120.927
74DA38C7D606,2025-04-17,01:38:35,25.37,76.0,23.0,24.822,120.973
74DA38C7D408,2025-04-17,01:38:46,26.62,100.0,11.0,23.755,120.374
74DA38B053AE,2025-04-17,01:39:08,31.61,62.0,18.0,24.304,120.73
74DA38C7D510,2025-04-17,01:39:58,26.5,100.0,12.0,24.789,120.927
74DA38C7D640,2025-04-17,01:40:14,26.12,100.0,15.0,24.802,120.959
74DA38C7D60A,2025-04-17,01:40:44,26.5,100.0,0.0,24.741,120.906
74DA38B0539E,2025-04-17,01:41:53,28.75,100.0,27.0,23.581,120.559
74DA38C7CEAC,2025-04-17,01:42:16,26.25,100.0,26.0,23.459,120.455
74DA38C7D63E,2025-04-17,01:42:34,23.87,96.0,5.0,24.747,121.004
74DA38C7D652,2025-04-17,01:44:20,24.25,81.0,15.0,24.784,121.022
74DA38C7D58C,2025-04-17,01:44:34,24.12,100.0,14.0,24.843,120.927
74DA38C7D606,2025-04-17,01:44:39,25.5,77.0,23.0,24.822,120.973
74DA38C7D408,2025-04-17,01:44:48,26.75,100.0,9.0,23.755,120.374
74DA38B053AE,2025-04-17,01:45:03,31.5,61.0,15.0,24.304,120.73
74DA38C7D510,2025-04-17,01:45:54,26.5,100.0,11.0,24.789,120.927
74DA38C7D640,2025-04-17,01:46:16,26.12,100.0,15.0,24.802,120.959
74DA38C7D60A,2025-04-17,01:46:47,26.62,100.0,0.0,24.741,120.906
74DA38B0539E,2025-04-17,01:47:49,29.0,100.0,24.0,23.581,120.559
74DA38C7CEAC,2025-04-17,01:48:21,26.25,100.0,26.0,23.459,120.455
74DA38C7D63E,2025-04-17,01:48:36,24.0,98.0,6.0,24.747,121.004
74DA38B053B2,2025-04-17,01:49:17,28.11,100.0,18.0,23.462,120.454
74DA38B053CA,2025-04-17,01:49:22,23.37,75.0,26.0,24.948,121.206
74DA38C7D4B4,2025-04-17,01:49:23,26.62,69.0,32.0,23.605,120.459
74DA38C7D652,2025-04-17,01:50:22,24.25,80.0,12.0,24.784,121.022
74DA38C7D58C,2025-04-17,01:50:36,24.12,100.0,14.0,24.843,120.927
74DA38C7D606,2025-04-17,01:50:42,25.5,77.0,23.0,24.822,120.973
74DA38C7D408,2025-04-17,01:50:51,26.87,100.0,9.0,23.755,120.374
74DA38B053AE,2025-04-17,01:50:59,31.36,61.0,17.0,24.304,120.73
74DA38C7D510,2025-04-17,01:51:51,26.75,100.0,12.0,24.789,120.927
74DA38C7D640,2025-04-17,01:52:19,26.12,100.0,16.0,24.802,120.959
74DA38C7D60A,2025-04-17,01:52:48,26.5,100.0,0.0,24.741,120.906
74DA38B0539E,2025-04-17,01:53:44,29.11,100.0,26.0,23.581,120.559
74DA38C7CEAC,2025-04-17,01:54:27,26.37,100.0,24.0,23.459,120.455
74DA38C7D63E,2025-04-17,01:54:39,24.0,99.0,6.0,24.747,121.004
74DA38B053B2,2025-04-17,01:55:12,28.36,100.0,16.0,23.462,120.454
74DA38B053CA,2025-04-17,01:55:16,23.5,77.0,58.0,24.948,121.206
74DA38C7D4B4,2025-04-17,01:55:26,26.62,69.0,31.0,23.605,120.459
74DA38C7D652,2025-04-17,01:56:23,24.37,80.0,11.0,24.784,121.022
74DA38C7D58C,2025-04-17,01:56:38,24.12,100.0,14.0,24.843,120.927
74DA38C7D606,2025-04-17,01:56:45,25.5,78.0,22.0,24.822,120.973
74DA38B053AE,2025-04-17,01:56:55,31.36,61.0,15.0,24.304,120.73
74DA38C7D408,2025-04-17,01:56:55,27.0,100.0,8.0,23.755,120.374
74DA38C7D510,2025-04-17,01:57:47,26.87,100.0,11.0,24.789,120.927
74DA38C7D640,2025-04-17,01:58:25,26.25,100.0,17.0,24.802,120.959
74DA38C7D60A,2025-04-17,01:58:50,26.75,100.0,0.0,24.741,120.906
74DA38B0539E,2025-04-17,01:59:40,29.25,100.0,23.0,23.581,120.559
74DA38C7CEAC,2025-04-17,02:00:29,26.5,100.0,20.0,23.459,120.455
74DA38C7D63E,2025-04-17,02:00:40,24.0,100.0,5.0,24.747,121.004
74DA38B053B2,2025-04-17,02:01:08,28.5,100.0,14.0,23.462,120.454
74DA38B053CA,2025-04-17,02:01:11,23.5,78.0,56.0,24.948,121.206
74DA38C7D4B4,2025-04-17,02:01:28,26.62,69.0,31.0,23.605,120.459
74DA38C7D652,2025-04-17,02:02:26,24.25,80.0,13.0,24.784,121.022
74DA38C7D58C,2025-04-17,02:02:43,24.12,100.0,14.0,24.843,120.927
74DA38C7D606,2025-04-17,02:02:48,25.62,79.0,21.0,24.822,120.973
74DA38B053AE,2025-04-17,02:02:51,31.0,61.0,16.0,24.304,120.73
74DA38C7D408,2025-04-17,02:02:59,27.12,100.0,9.0,23.755,120.374
74DA38C7D510,2025-04-17,02:03:43,26.87,100.0,11.0,24.789,120.927
74DA38C7D640,2025-04-17,02:04:28,26.5,100.0,16.0,24.802,120.959
74DA38C7D60A,2025-04-17,02:04:51,26.75,100.0,0.0,24.741,120.906
74DA38B0539E,2025-04-17,02:05:35,29.61,100.0,19.0,23.581,120.559
74DA38C7CEAC,2025-04-17,02:06:31,26.75,100.0,18.0,23.459,120.455
74DA38C7D63E,2025-04-17,02:06:42,24.12,99.0,6.0,24.747,121.004
74DA38B053B2,2025-04-17,02:07:03,28.75,100.0,15.0,23.462,120.454
74DA38B053CA,2025-04-17,02:07:06,23.5,78.0,44.0,24.948,121.206
74DA38C7D4B4,2025-04-17,02:07:31,26.62,69.0,32.0,23.605,120.459
74DA38C7D652,2025-04-17,02:08:29,24.37,80.0,13.0,24.784,121.022
74DA38C7D58C,2025-04-17,02:08:45,24.12,100.0,14.0,24.843,120.927
74DA38B053AE,2025-04-17,02:08:46,31.75,61.0,16.0,24.304,120.73
74DA38C7D606,2025-04-17,02:08:51,25.62,80.0,22.0,24.822,120.973
74DA38C7D408,2025-04-17,02:09:02,27.25,100.0,9.0,23.755,120.374
74DA38C7D510,2025-04-17,02:09:39,26.75,100.0,11.0,24.789,120.927
74DA38C7D640,2025-04-17,02:10:33,26.75,100.0,18.0,24.802,120.959
74DA38C7D60A,2025-04-17,02:10:53,26.75,100.0,0.0,24.741,120.906
74DA38B0539E,2025-04-17,02:11:31,29.75,100.0,23.0,23.581,120.559
74DA38C7CEAC,2025-04-17,02:12:33,26.87,100.0,19.0,23.459,120.455
74DA38C7D63E,2025-04-17,02:12:44,24.12,99.0,6.0,24.747,121.004
74DA38B053B2,2025-04-17,02:12:58,29.0,100.0,16.0,23.462,120.454
74DA38B053CA,2025-04-17,02:13:01,23.5,77.0,38.0,24.948,121.206
74DA38C7D4B4,2025-04-17,02:13:35,26.75,69.0,32.0,23.605,120.459
74DA38C7D652,2025-04-17,02:14:31,24.5,81.0,13.0,24.784,121.022
74DA38B053AE,2025-04-17,02:14:42,32.25,60.0,14.0,24.304,120.73
74DA38C7D58C,2025-04-17,02:14:48,24.25,100.0,14.0,24.843,120.927
74DA38C7D606,2025-04-17,02:14:54,25.75,81.0,22.0,24.822,120.973
74DA38C7D408,2025-04-17,02:15:04,27.37,100.0,9.0,23.755,120.374
74DA38C7D510,2025-04-17,02:15:35,26.75,100.0,12.0,24.789,120.927
74DA38C7D640,2025-04-17,02:16:40,26.75,100.0,15.0,24.802,120.959
74DA38C7D60A,2025-04-17,02:16:54,26.87,100.0,0.0,24.741,120.906
74DA38B0539E,2025-04-17,02:17:26,30.0,100.0,17.0,23.581,120.559
74DA38C7CEAC,2025-04-17,02:18:35,27.12,100.0,21.0,23.459,120.455
74DA38C7D63E,2025-04-17,02:18:45,24.12,100.0,5.0,24.747,121.004
74DA38B053B2,2025-04-17,02:18:53,29.11,100.0,16.0,23.462,120.454
74DA38B053CA,2025-04-17,02:18:58,23.62,77.0,34.0,24.948,121.206
74DA38C7D4B4,2025-04-17,02:19:38,26.75,69.0,32.0,23.605,120.459
74DA38C7D652,2025-04-17,02:20:34,24.62,81.0,14.0,24.784,121.022
74DA38B053AE,2025-04-17,02:20:37,32.36,60.0,13.0,24.304,120.73
74DA38C7D58C,2025-04-17,02:20:52,24.25,100.0,15.0,24.843,120.927
74DA38C7D606,2025-04-17,02:20:57,25.75,81.0,22.0,24.822,120.973
74DA38C7D408,2025-04-17,02:21:11,27.5,100.0,9.0,23.755,120.374
74DA38C7D510,2025-04-17,02:21:31,26.87,100.0,13.0,24.789,120.927
74DA38C7D640,2025-04-17,02:22:42,26.5,100.0,15.0,24.802,120.959
74DA38C7D60A,2025-04-17,02:22:55,26.87,100.0,0.0,24.741,120.906
74DA38C7CEAC,2025-04-17,02:24:38,27.12,100.0,24.0,23.459,120.455
74DA38C7D63E,2025-04-17,02:24:47,24.12,100.0,6.0,24.747,121.004
74DA38B053B2,2025-04-17,02:24:49,29.11,100.0,20.0,23.462,120.454
74DA38B053CA,2025-04-17,02:24:53,23.62,78.0,32.0,24.948,121.206
74DA38C7D4B4,2025-04-17,02:25:43,26.75,68.0,31.0,23.605,120.459
74DA38B053AE,2025-04-17,02:26:33,32.61,60.0,11.0,24.304,120.73
74DA38C7D652,2025-04-17,02:26:36,24.62,80.0,14.0,24.784,121.022
74DA38C7D58C,2025-04-17,02:26:54,24.25,100.0,15.0,24.843,120.927
74DA38C7D606,2025-04-17,02:27:01,25.87,81.0,22.0,24.822,120.973
74DA38C7D408,2025-04-17,02:27:14,27.62,100.0,7.0,23.755,120.374
74DA38C7D510,2025-04-17,02:27:27,26.87,100.0,12.0,24.789,120.927
74DA38C7D60A,2025-04-17,02:28:57,27.0,100.0,0.0,24.741,120.906
74DA38C7D640,2025-04-17,02:29:00,26.5,100.0,14.0,24.802,120.959
74DA38B0539E,2025-04-17,02:29:17,30.25,98.0,12.0,23.581,120.559
74DA38C7CEAC,2025-04-17,02:30:43,27.25,100.0,26.0,23.459,120.455
74DA38B053B2,2025-04-17,02:30:44,29.36,100.0,20.0,23.462,120.454
74DA38B053CA,2025-04-17,02:30:47,23.87,77.0,33.0,24.948,121.206
74DA38C7D63E,2025-04-17,02:30:49,24.25,100.0,6.0,24.747,121.004
74DA38C7D4B4,2025-04-17,02:31:48,26.87,68.0,31.0,23.605,120.459
74DA38B053AE,2025-04-17,02:32:29,32.25,61.0,16.0,24.304,120.73
74DA38C7D58C,2025-04-17,02:32:56,24.25,100.0,14.0,24.843,120.927
74DA38C7D606,2025-04-17,02:33:05,25.87,81.0,22.0,24.822,120.973
74DA38C7D408,2025-04-17,02:33:15,27.75,100.0,7.0,23.755,120.374
74DA38C7D510,2025-04-17,02:33:23,26.87,100.0,12.0,24.789,120.927
74DA38C7D60A,2025-04-17,02:34:59,27.0,100.0,0.0,24.741,120.906
74DA38C7D640,2025-04-17,02:35:01,26.5,100.0,14.0,24.802,120.959
74DA38B0539E,2025-04-17,02:35:12,30.5,99.0,13.0,23.581,120.559
74DA38B053CA,2025-04-17,02:36:41,24.0,77.0,33.0,24.948,121.206
74DA38B053B2,2025-04-17,02:36:43,29.61,100.0,21.0,23.462,120.454
74DA38C7CEAC,2025-04-17,02:36:44,27.5,100.0,23.0,23.459,120.455
74DA38C7D63E,2025-04-17,02:36:53,24.25,100.0,6.0,24.747,121.004
74DA38C7D4B4,2025-04-17,02:37:53,26.87,68.0,30.0,23.605,120.459
74DA38B053AE,2025-04-17,02:38:25,31.61,61.0,14.0,24.304,120.73
74DA38C7D652,2025-04-17,02:38:41,24.75,79.0,13.0,24.784,121.022
74DA38C7D58C,2025-04-17,02:38:57,24.25,100.0,14.0,24.843,120.927
74DA38C7D606,2025-04-17,02:39:08,25.87,81.0,21.0,24.822,120.973
74DA38C7D408,2025-04-17,02:39:19,27.87,100.0,7.0,23.755,120.374
74DA38C7D510,2025-04-17,02:39:20,26.87,100.0,13.0,24.789,120.927
74DA38C7D60A,2025-04-17,02:41:00,27.0,-40.0,0.0,24.741,120.906
74DA38C7D640,2025-04-17,02:41:04,26.62,100.0,14.0,24.802,120.959
74DA38B0539E,2025-04-17,02:41:07,30.75,97.0,14.0,23.581,120.559
74DA38B053B2,2025-04-17,02:42:36,29.86,100.0,14.0,23.462,120.454
74DA38B053CA,2025-04-17,02:42:36,24.12,78.0,32.0,24.948,121.206
74DA38C7CEAC,2025-04-17,02:42:47,27.62,100.0,16.0,23.459,120.455
74DA38C7D63E,2025-04-17,02:42:55,24.37,100.0,6.0,24.747,121.004
74DA38C7D4B4,2025-04-17,02:43:55,27.0,68.0,30.0,23.605,120.459
74DA38B053AE,2025-04-17,02:44:20,31.5,61.0,12.0,24.304,120.73
74DA38C7D652,2025-04-17,02:44:43,24.75,79.0,13.0,24.784,121.022
74DA38C7D58C,2025-04-17,02:44:59,24.37,100.0,15.0,24.843,120.927
74DA38C7D606,2025-04-17,02:45:10,26.0,81.0,21.0,24.822,120.973
74DA38C7D510,2025-04-17,02:45:16,27.0,100.0,13.0,24.789,120.927
74DA38C7D60A,2025-04-17,02:47:01,27.12,-90.0,0.0,24.741,120.906
74DA38B0539E,2025-04-17,02:47:02,31.0,96.0,15.0,23.581,120.559
74DA38C7D640,2025-04-17,02:47:17,26.62,100.0,14.0,24.802,120.959
74DA38B053CA,2025-04-17,02:48:30,24.12,77.0,30.0,24.948,121.206
74DA38B053B2,2025-04-17,02:48:32,29.75,100.0,12.0,23.462,120.454
74DA38C7CEAC,2025-04-17,02:48:48,27.75,100.0,12.0,23.459,120.455
74DA38C7D63E,2025-04-17,02:48:57,24.37,100.0,6.0,24.747,121.004
74DA38C7D4B4,2025-04-17,02:49:59,27.0,68.0,29.0,23.605,120.459
74DA38B053AE,2025-04-17,02:50:16,32.25,62.0,12.0,24.304,120.73
74DA38C7D652,2025-04-17,02:50:46,24.75,79.0,12.0,24.784,121.022
74DA38C7D58C,2025-04-17,02:51:01,24.37,100.0,14.0,24.843,120.927
74DA38C7D510,2025-04-17,02:51:12,27.12,100.0,13.0,24.789,120.927
74DA38C7D606,2025-04-17,02:51:14,26.0,81.0,22.0,24.822,120.973
74DA38B0539E,2025-04-17,02:52:58,31.0,96.0,15.0,23.581,120.559
74DA38C7D60A,2025-04-17,02:53:03,26.87,1.0,0.0,24.741,120.906
74DA38C7D640,2025-04-17,02:53:15,26.62,100.0,14.0,24.802,120.959
74DA38B053B2,2025-04-17,02:54:27,29.75,100.0,10.0,23.462,120.454
74DA38B053CA,2025-04-17,02:54:28,24.12,77.0,27.0,24.948,121.206
74DA38C7CEAC,2025-04-17,02:54:49,27.87,100.0,13.0,23.459,120.455
74DA38C7D63E,2025-04-17,02:55:00,24.37,100.0,6.0,24.747,121.004
74DA38C7D4B4,2025-04-17,02:56:01,27.0,68.0,28.0,23.605,120.459
74DA38B053AE,2025-04-17,02:56:12,32.61,61.0,16.0,24.304,120.73
74DA38C7D652,2025-04-17,02:56:49,24.87,79.0,13.0,24.784,121.022
74DA38C7D58C,2025-04-17,02:57:04,24.37,100.0,14.0,24.843,120.927
74DA38C7D510,2025-04-17,02:57:08,27.12,100.0,14.0,24.789,120.927
74DA38C7D606,2025-04-17,02:57:17,26.12,82.0,20.0,24.822,120.973
74DA38B0539E,2025-04-17,02:58:53,31.11,95.0,15.0,23.581,120.559
74DA38C7D60A,2025-04-17,02:59:04,27.0,100.0,0.0,24.741,120.906
74DA38C7D640,2025-04-17,02:59:18,26.5,100.0,14.0,24.802,120.959
74DA38C7D408,2025-04-17,02:59:53,28.36,100.0,7.0,23.755,120.374
74DA38B053B2,2025-04-17,03:00:22,30.0,100.0,10.0,23.462,120.454
74DA38B053CA,2025-04-17,03:00:22,24.0,76.0,24.0,24.948,121.206
74DA38C7CEAC,2025-04-17,03:00:51,28.0,100.0,12.0,23.459,120.455
74DA38C7D63E,2025-04-17,03:01:02,24.5,100.0,6.0,24.747,121.004
74DA38C7D4B4,2025-04-17,03:02:03,27.0,68.0,28.0,23.605,120.459
74DA38B053AE,2025-04-17,03:02:08,32.86,60.0,26.0,24.304,120.73
74DA38C7D652,2025-04-17,03:02:52,25.0,79.0,12.0,24.784,121.022
74DA38C7D510,2025-04-17,03:03:04,27.25,100.0,13.0,24.789,120.927
74DA38C7D58C,2025-04-17,03:03:05,24.37,100.0,14.0,24.843,120.927
74DA38B0539E,2025-04-17,03:04:48,31.36,96.0,19.0,23.581,120.559
74DA38C7D60A,2025-04-17,03:05:06,27.12,100.0,0.0,24.741,120.906
74DA38C7D640,2025-04-17,03:05:23,26.62,100.0,14.0,24.802,120.959
74DA38C7D408,2025-04-17,03:05:57,28.36,100.0,7.0,23.755,120.374
74DA38B053B2,2025-04-17,03:06:17,30.11,100.0,9.0,23.462,120.454
74DA38B053CA,2025-04-17,03:06:20,24.0,76.0,23.0,24.948,121.206
74DA38C7CEAC,2025-04-17,03:06:52,28.0,100.0,12.0,23.459,120.455
74DA38C7D63E,2025-04-17,03:07:04,24.62,100.0,6.0,24.747,121.004
74DA38B053AE,2025-04-17,03:08:03,33.0,60.0,10.0,24.304,120.73
74DA38C7D4B4,2025-04-17,03:08:05,27.12,68.0,27.0,23.605,120.459
74DA38C7D652,2025-04-17,03:08:53,25.0,79.0,13.0,24.784,121.022
74DA38C7D510,2025-04-17,03:09:00,27.5,100.0,13.0,24.789,120.927
74DA38C7D58C,2025-04-17,03:09:07,24.37,100.0,14.0,24.843,120.927
74DA38C7D606,2025-04-17,03:09:22,26.25,79.0,19.0,24.822,120.973
74DA38B0539E,2025-04-17,03:10:44,31.5,94.0,17.0,23.581,120.559
74DA38C7D60A,2025-04-17,03:11:07,27.12,100.0,0.0,24.741,120.906
74DA38C7D640,2025-04-17,03:11:40,26.75,100.0,14.0,24.802,120.959
74DA38C7D408,2025-04-17,03:11:59,28.5,100.0,6.0,23.755,120.374
74DA38B053B2,2025-04-17,03:12:12,30.25,100.0,8.0,23.462,120.454
74DA38B053CA,2025-04-17,03:12:14,23.87,76.0,22.0,24.948,121.206
74DA38C7CEAC,2025-04-17,03:12:54,28.11,100.0,10.0,23.459,120.455
74DA38C7D63E,2025-04-17,03:13:07,24.75,100.0,5.0,24.747,121.004
74DA38B053AE,2025-04-17,03:13:59,33.11,61.0,9.0,24.304,120.73
74DA38C7D4B4,2025-04-17,03:14:08,27.12,68.0,27.0,23.605,120.459
74DA38C7D652,2025-04-17,03:14:55,25.0,80.0,12.0,24.784,121.022
74DA38C7D510,2025-04-17,03:14:57,27.62,100.0,13.0,24.789,120.927
74DA38C7D58C,2025-04-17,03:15:09,24.37,100.0,15.0,24.843,120.927
74DA38C7D606,2025-04-17,03:15:23,26.25,78.0,19.0,24.822,120.973
74DA38B0539E,2025-04-17,03:16:39,31.61,94.0,22.0,23.581,120.559
74DA38C7D60A,2025-04-17,03:17:09,26.62,100.0,0.0,24.741,120.906
74DA38C7D640,2025-04-17,03:17:48,26.75,100.0,14.0,24.802,120.959
74DA38C7D408,2025-04-17,03:18:02,28.36,100.0,4.0,23.755,120.374
74DA38B053B2,2025-04-17,03:18:07,30.0,100.0,8.0,23.462,120.454
74DA38B053CA,2025-04-17,03:18:08,23.87,77.0,22.0,24.948,121.206
74DA38C7CEAC,2025-04-17,03:18:55,28.25,100.0,11.0,23.459,120.455
74DA38C7D63E,2025-04-17,03:19:10,24.87,100.0,5.0,24.747,121.004
74DA38B053AE,2025-04-17,03:19:54,33.61,60.0,8.0,24.304,120.73
74DA38C7D4B4,2025-04-17,03:20:10,27.12,68.0,26.0,23.605,120.459
74DA38C7D510,2025-04-17,03:20:52,27.62,100.0,12.0,24.789,120.927
74DA38C7D652,2025-04-17,03:20:57,25.12,80.0,13.0,24.784,121.022
74DA38C7D58C,2025-04-17,03:21:12,24.37,100.0,14.0,24.843,120.927
74DA38C7D606,2025-04-17,03:21:26,26.37,78.0,18.0,24.822,120.973
74DA38B0539E,2025-04-17,03:22:34,31.75,94.0,19.0,23.581,120.559
74DA38C7D60A,2025-04-17,03:23:10,26.75,100.0,0.0,24.741,120.906
74DA38C7D640,2025-04-17,03:23:50,26.87,100.0,14.0,24.802,120.959
74DA38B053B2,2025-04-17,03:24:02,30.0,100.0,7.0,23.462,120.454
74DA38B053CA,2025-04-17,03:24:02,23.87,77.0,21.0,24.948,121.206
74DA38C7D408,2025-04-17,03:24:08,28.36,100.0,4.0,23.755,120.374
74DA38C7CEAC,2025-04-17,03:24:57,28.36,100.0,11.0,23.459,120.455
74DA38C7D63E,2025-04-17,03:25:11,25.0,99.0,5.0,24.747,121.004
74DA38B053AE,2025-04-17,03:25:50,33.36,60.0,21.0,24.304,120.73
74DA38C7D4B4,2025-04-17,03:26:14,27.25,68.0,26.0,23.605,120.459
74DA38C7D510,2025-04-17,03:26:48,27.62,100.0,12.0,24.789,120.927
74DA38C7D652,2025-04-17,03:26:58,25.12,81.0,13.0,24.784,121.022
74DA38C7D58C,2025-04-17,03:27:14,24.5,100.0,15.0,24.843,120.927
74DA38C7D606,2025-04-17,03:27:29,26.37,78.0,19.0,24.822,120.973
74DA38B0539E,2025-04-17,03:28:30,32.0,93.0,15.0,23.581,120.559
74DA38C7D60A,2025-04-17,03:29:12,26.87,100.0,0.0,24.741,120.906
74DA38B053CA,2025-04-17,03:29:56,23.87,77.0,20.0,24.948,121.206
74DA38B053B2,2025-04-17,03:29:57,30.11,100.0,7.0,23.462,120.454
74DA38C7D640,2025-04-17,03:29:59,26.87,100.0,14.0,24.802,120.959
74DA38C7D408,2025-04-17,03:30:09,28.25,100.0,4.0,23.755,120.374
74DA38C7CEAC,2025-04-17,03:30:58,28.5,100.0,9.0,23.459,120.455
74DA38C7D63E,2025-04-17,03:31:12,25.0,99.0,4.0,24.747,121.004
74DA38B053AE,2025-04-17,03:31:46,32.75,60.0,16.0,24.304,120.73
74DA38C7D4B4,2025-04-17,03:32:15,27.25,68.0,24.0,23.605,120.459
74DA38C7D510,2025-04-17,03:32:45,27.5,100.0,13.0,24.789,120.927
74DA38C7D652,2025-04-17,03:33:00,25.25,82.0,13.0,24.784,121.022
74DA38C7D58C,2025-04-17,03:33:17,24.5,100.0,16.0,24.843,120.927
74DA38C7D606,2025-04-17,03:33:31,26.37,78.0,17.0,24.822,120.973
74DA38B0539E,2025-04-17,03:34:25,32.0,92.0,12.0,23.581,120.559
74DA38C7D60A,2025-04-17,03:35:13,26.62,100.0,0.0,24.741,120.906
74DA38B053CA,2025-04-17,03:35:50,23.75,76.0,20.0,24.948,121.206
74DA38B053B2,2025-04-17,03:35:52,30.25,100.0,7.0,23.462,120.454
74DA38C7D640,2025-04-17,03:36:02,26.87,100.0,15.0,24.802,120.959
74DA38C7CEAC,2025-04-17,03:36:58,28.5,100.0,10.0,23.459,120.455
74DA38C7D63E,2025-04-17,03:37:15,25.0,98.0,4.0,24.747,121.004
74DA38B053AE,2025-04-17,03:37:42,33.5,60.0,12.0,24.304,120.73
74DA38C7D4B4,2025-04-17,03:38:18,27.25,68.0,23.0,23.605,120.459
74DA38C7D510,2025-04-17,03:38:41,27.62,100.0,13.0,24.789,120.927
74DA38C7D652,2025-04-17,03:39:03,25.25,83.0,12.0,24.784,121.022
74DA38C7D58C,2025-04-17,03:39:19,24.5,100.0,16.0,24.843,120.927
74DA38C7D606,2025-04-17,03:39:33,26.5,79.0,17.0,24.822,120.973
74DA38B0539E,2025-04-17,03:40:20,31.86,93.0,9.0,23.581,120.559
74DA38C7D60A,2025-04-17,03:41:14,26.87,100.0,0.0,24.741,120.906
74DA38B053CA,2025-04-17,03:41:44,23.75,77.0,20.0,24.948,121.206
74DA38B053B2,2025-04-17,03:41:47,30.36,100.0,7.0,23.462,120.454
74DA38C7D640,2025-04-17,03:42:03,26.75,100.0,15.0,24.802,120.959
74DA38C7D408,2025-04-17,03:42:13,28.25,100.0,5.0,23.755,120.374
74DA38C7CEAC,2025-04-17,03:43:00,28.61,100.0,9.0,23.459,120.455
74DA38B053AE,2025-04-17,03:43:38,33.86,58.0,13.0,24.304,120.73
74DA38C7D4B4,2025-04-17,03:44:21,27.25,69.0,22.0,23.605,120.459
74DA38C7D510,2025-04-17,03:44:37,27.62,100.0,15.0,24.789,120.927
74DA38C7D652,2025-04-17,03:45:04,25.25,83.0,11.0,24.784,121.022
74DA38C7D58C,2025-04-17,03:45:21,24.5,100.0,16.0,24.843,120.927
74DA38C7D606,2025-04-17,03:45:38,26.5,80.0,18.0,24.822,120.973
74DA38B0539E,2025-04-17,03:46:15,32.11,92.0,10.0,23.581,120.559
74DA38C7D60A,2025-04-17,03:47:16,26.5,100.0,0.0,24.741,120.906
74DA38B053CA,2025-04-17,03:47:38,23.75,77.0,20.0,24.948,121.206
74DA38B053B2,2025-04-17,03:47:42,30.36,100.0,6.0,23.462,120.454
74DA38C7D640,2025-04-17,03:48:06,26.87,100.0,14.0,24.802,120.959
74DA38C7D408,2025-04-17,03:48:15,28.25,100.0,4.0,23.755,120.374
74DA38C7CEAC,2025-04-17,03:49:00,28.75,100.0,8.0,23.459,120.455
74DA38C7D63E,2025-04-17,03:49:20,25.25,99.0,4.0,24.747,121.004
74DA38B053AE,2025-04-17,03:49:34,33.86,59.0,16.0,24.304,120.73
74DA38C7D4B4,2025-04-17,03:50:23,27.25,69.0,20.0,23.605,120.459
74DA38C7D510,2025-04-17,03:50:33,27.87,100.0,14.0,24.789,120.927
74DA38C7D652,2025-04-17,03:51:05,25.37,83.0,11.0,24.784,121.022
74DA38C7D58C,2025-04-17,03:51:24,24.5,100.0,17.0,24.843,120.927
74DA38C7D606,2025-04-17,03:51:42,26.62,81.0,17.0,24.822,120.973
74DA38B0539E,2025-04-17,03:52:10,32.36,91.0,9.0,23.581,120.559
74DA38C7D60A,2025-04-17,03:53:17,27.0,100.0,0.0,24.741,120.906
74DA38B053CA,2025-04-17,03:53:32,23.75,77.0,21.0,24.948,121.206
74DA38B053B2,2025-04-17,03:53:37,30.5,100.0,6.0,23.462,120.454
74DA38C7D640,2025-04-17,03:54:12,27.12,100.0,14.0,24.802,120.959
74DA38C7D408,2025-04-17,03:54:19,28.36,100.0,4.0,23.755,120.374
74DA38C7CEAC,2025-04-17,03:55:02,28.86,100.0,8.0,23.459,120.455
74DA38C7D63E,2025-04-17,03:55:21,25.12,100.0,4.0,24.747,121.004
74DA38B053AE,2025-04-17,03:55:29,33.61,58.0,9.0,24.304,120.73
74DA38C7D4B4,2025-04-17,03:56:24,27.37,69.0,20.0,23.605,120.459
74DA38C7D510,2025-04-17,03:56:29,27.87,100.0,14.0,24.789,120.927
74DA38C7D652,2025-04-17,03:57:07,25.25,82.0,11.0,24.784,121.022
74DA38C7D58C,2025-04-17,03:57:27,24.5,100.0,17.0,24.843,120.927
74DA38C7D606,2025-04-17,03:57:45,26.62,81.0,18.0,24.822,120.973
74DA38B0539E,2025-04-17,03:58:06,32.5,91.0,9.0,23.581,120.559
74DA38C7D60A,2025-04-17,03:59:19,27.12,100.0,0.0,24.741,120.906
74DA38B053CA,2025-04-17,03:59:26,23.75,77.0,21.0,24.948,121.206
74DA38B053B2,2025-04-17,03:59:33,30.75,100.0,6.0,23.462,120.454
74DA38C7D640,2025-04-17,04:00:19,27.0,100.0,15.0,24.802,120.959
74DA38C7D408,2025-04-17,04:00:25,28.36,100.0,3.0,23.755,120.374
74DA38C7CEAC,2025-04-17,04:01:04,29.0,100.0,8.0,23.459,120.455
74DA38C7D63E,2025-04-17,04:01:22,25.25,100.0,5.0,24.747,121.004
74DA38B053AE,2025-04-17,04:01:25,33.75,59.0,10.0,24.304,120.73
74DA38C7D510,2025-04-17,04:02:25,28.0,100.0,15.0,24.789,120.927
74DA38C7D4B4,2025-04-17,04:02:26,27.25,69.0,18.0,23.605,120.459
74DA38C7D652,2025-04-17,04:03:08,25.37,82.0,11.0,24.784,121.022
74DA38C7D58C,2025-04-17,04:03:31,24.5,100.0,17.0,24.843,120.927
74DA38C7D606,2025-04-17,04:03:49,26.62,80.0,18.0,24.822,120.973
74DA38B0539E,2025-04-17,04:04:01,32.75,90.0,11.0,23.581,120.559
74DA38C7D60A,2025-04-17,04:05:20,27.12,100.0,0.0,24.741,120.906
74DA38B053CA,2025-04-17,04:05:21,23.75,77.0,21.0,24.948,121.206
74DA38B053B2,2025-04-17,04:05:28,31.0,100.0,6.0,23.462,120.454
74DA38C7D640,2025-04-17,04:06:21,26.87,100.0,15.0,24.802,120.959
74DA38C7D408,2025-04-17,04:06:27,28.36,100.0,6.0,23.755,120.374
74DA38C7CEAC,2025-04-17,04:07:04,29.11,100.0,7.0,23.459,120.455
74DA38B053AE,2025-04-17,04:07:20,33.75,59.0,13.0,24.304,120.73
74DA38C7D63E,2025-04-17,04:07:23,25.37,100.0,5.0,24.747,121.004
74DA38C7D510,2025-04-17,04:08:21,28.0,100.0,16.0,24.789,120.927
74DA38C7D4B4,2025-04-17,04:08:29,27.37,69.0,18.0,23.605,120.459
74DA38C7D652,2025-04-17,04:09:10,25.5,82.0,11.0,24.784,121.022
74DA38C7D58C,2025-04-17,04:09:33,24.62,100.0,17.0,24.843,120.927
74DA38C7D606,2025-04-17,04:09:51,26.62,79.0,18.0,24.822,120.973
74DA38B0539E,2025-04-17,04:09:56,32.86,89.0,11.0,23.581,120.559
74DA38B053CA,2025-04-17,04:11:15,23.75,77.0,21.0,24.948,121.206
74DA38C7D60A,2025-04-17,04:11:22,27.25,100.0,0.0,24.741,120.906
74DA38B053B2,2025-04-17,04:11:23,31.0,100.0,6.0,23.462,120.454
74DA38C7D640,2025-04-17,04:12:29,26.87,100.0,17.0,24.802,120.959
74DA38C7D408,2025-04-17,04:12:30,28.5,100.0,5.0,23.755,120.374
74DA38C7CEAC,2025-04-17,04:13:06,29.11,100.0,7.0,23.459,120.455
74DA38B053AE,2025-04-17,04:13:16,33.5,59.0,15.0,24.304,120.73
74DA38C7D63E,2025-04-17,04:13:26,25.37,100.0,5.0,24.747,121.004
74DA38C7D510,2025-04-17,04:14:17,28.11,100.0,17.0,24.789,120.927
74DA38C7D4B4,2025-04-17,04:14:30,27.5,70.0,16.0,23.605,120.459
74DA38C7D652,2025-04-17,04:15:13,25.5,82.0,11.0,24.784,121.022
74DA38C7D58C,2025-04-17,04:15:36,24.62,100.0,17.0,24.843,120.927
74DA38B0539E,2025-04-17,04:15:51,32.75,90.0,9.0,23.581,120.559
74DA38C7D606,2025-04-17,04:15:53,26.62,79.0,19.0,24.822,120.973
74DA38C7D60A,2025-04-17,04:17:23,27.37,100.0,0.0,24.741,120.906
74DA38C7D640,2025-04-17,04:18:31,26.75,100.0,16.0,24.802,120.959
74DA38C7D408,2025-04-17,04:18:34,28.5,100.0,5.0,23.755,120.374
74DA38C7CEAC,2025-04-17,04:19:07,29.25,100.0,7.0,23.459,120.455
74DA38B053AE,2025-04-17,04:19:12,33.61,59.0,11.0,24.304,120.73
74DA38C7D63E,2025-04-17,04:19:28,25.37,100.0,5.0,24.747,121.004
74DA38C7D510,2025-04-17,04:20:13,28.11,100.0,14.0,24.789,120.927
74DA38C7D4B4,2025-04-17,04:20:32,27.5,70.0,15.0,23.605,120.459
74DA38C7D652,2025-04-17,04:21:14,25.5,82.0,10.0,24.784,121.022
74DA38C7D58C,2025-04-17,04:21:38,24.62,100.0,17.0,24.843,120.927
74DA38B0539E,2025-04-17,04:21:47,32.86,90.0,13.0,23.581,120.559
74DA38C7D606,2025-04-17,04:21:56,26.75,79.0,19.0,24.822,120.973
74DA38B053CA,2025-04-17,04:23:04,23.75,77.0,21.0,24.948,121.206
74DA38B053B2,2025-04-17,04:23:13,31.25,100.0,5.0,23.462,120.454
74DA38C7D640,2025-04-17,04:24:34,26.37,100.0,16.0,24.802,120.959
74DA38C7D408,2025-04-17,04:24:37,28.75,100.0,4.0,23.755,120.374
74DA38B053AE,2025-04-17,04:25:08,33.5,59.0,13.0,24.304,120.73
74DA38C7CEAC,2025-04-17,04:25:08,29.36,100.0,7.0,23.459,120.455
74DA38C7D63E,2025-04-17,04:25:30,25.37,100.0,5.0,24.747,121.004
74DA38C7D510,2025-04-17,04:26:09,28.11,100.0,15.0,24.789,120.927
74DA38C7D4B4,2025-04-17,04:26:33,27.5,70.0,15.0,23.605,120.459
74DA38C7D652,2025-04-17,04:27:16,25.5,83.0,11.0,24.784,121.022
74DA38C7D58C,2025-04-17,04:27:41,24.75,100.0,18.0,24.843,120.927
74DA38B0539E,2025-04-17,04:27:42,32.86,91.0,10.0,23.581,120.559
74DA38C7D606,2025-04-17,04:28:01,26.87,81.0,20.0,24.822,120.973
74DA38B053CA,2025-04-17,04:28:59,23.87,77.0,23.0,24.948,121.206
74DA38B053B2,2025-04-17,04:29:08,31.25,100.0,5.0,23.462,120.454
74DA38C7D60A,2025-04-17,04:29:26,27.12,100.0,0.0,24.741,120.906
74DA38C7D640,2025-04-17,04:30:37,26.37,100.0,17.0,24.802,120.959
74DA38C7D408,2025-04-17,04:30:39,28.75,100.0,5.0,23.755,120.374
74DA38B053AE,2025-04-17,04:31:03,33.61,60.0,16.0,24.304,120.73
74DA38C7CEAC,2025-04-17,04:31:09,29.36,100.0,7.0,23.459,120.455
74DA38C7D63E,2025-04-17,04:31:31,25.37,100.0,4.0,24.747,121.004
74DA38C7D510,2025-04-17,04:32:06,28.36,100.0,14.0,24.789,120.927
74DA38C7D652,2025-04-17,04:33:17,25.37,83.0,11.0,24.784,121.022
74DA38B0539E,2025-04-17,04:33:37,32.86,92.0,10.0,23.581,120.559
74DA38C7D58C,2025-04-17,04:33:42,24.75,100.0,17.0,24.843,120.927
74DA38C7D606,2025-04-17,04:34:05,26.87,81.0,20.0,24.822,120.973
74DA38B053CA,2025-04-17,04:34:54,23.75,77.0,23.0,24.948,121.206
74DA38B053B2,2025-04-17,04:35:03,31.25,100.0,5.0,23.462,120.454
74DA38C7D60A,2025-04-17,04:35:29,27.25,100.0,0.0,24.741,120.906
74DA38C7D640,2025-04-17,04:36:39,26.12,100.0,16.0,24.802,120.959
74DA38C7D408,2025-04-17,04:36:48,28.61,100.0,4.0,23.755,120.374
74DA38B053AE,2025-04-17,04:36:59,33.5,60.0,17.0,24.304,120.73
74DA38C7CEAC,2025-04-17,04:37:10,29.36,100.0,6.0,23.459,120.455
74DA38C7D63E,2025-04-17,04:37:33,25.37,100.0,6.0,24.747,121.004
74DA38C7D510,2025-04-17,04:38:02,28.36,100.0,14.0,24.789,120.927
74DA38C7D4B4,2025-04-17,04:38:36,27.62,70.0,14.0,23.605,120.459
74DA38C7D652,2025-04-17,04:39:20,25.5,84.0,11.0,24.784,121.022
74DA38B0539E,2025-04-17,04:39:32,33.11,92.0,12.0,23.581,120.559
74DA38C7D58C,2025-04-17,04:39:45,24.75,100.0,17.0,24.843,120.927
74DA38C7D606,2025-04-17,04:40:08,26.87,80.0,19.0,24.822,120.973
74DA38B053CA,2025-04-17,04:40:50,23.87,77.0,22.0,24.948,121.206
74DA38B053B2,2025-04-17,04:40:58,31.25,100.0,4.0,23.462,120.454
74DA38C7D60A,2025-04-17,04:41:30,27.25,100.0,0.0,24.741,120.906
74DA38C7D640,2025-04-17,04:42:46,26.25,100.0,17.0,24.802,120.959
74DA38C7D408,2025-04-17,04:42:50,28.61,100.0,4.0,23.755,120.374
74DA38B053AE,2025-04-17,04:42:55,33.75,60.0,20.0,24.304,120.73
74DA38C7CEAC,2025-04-17,04:43:11,29.5,100.0,6.0,23.459,120.455
74DA38C7D63E,2025-04-17,04:43:34,25.37,100.0,5.0,24.747,121.004
74DA38C7D510,2025-04-17,04:43:58,28.5,100.0,14.0,24.789,120.927
74DA38C7D4B4,2025-04-17,04:44:37,27.62,71.0,13.0,23.605,120.459
74DA38C7D652,2025-04-17,04:45:22,25.5,84.0,11.0,24.784,121.022
74DA38B0539E,2025-04-17,04:45:28,33.0,92.0,12.0,23.581,120.559
74DA38C7D58C,2025-04-17,04:45:47,24.75,100.0,17.0,24.843,120.927
74DA38C7D606,2025-04-17,04:46:10,26.87,81.0,19.0,24.822,120.973
74DA38B053CA,2025-04-17,04:46:44,23.75,78.0,23.0,24.948,121.206
74DA38B053B2,2025-04-17,04:46:53,31.5,100.0,4.0,23.462,120.454
74DA38C7D60A,2025-04-17,04:47:31,27.5,100.0,0.0,24.741,120.906
74DA38B053AE,2025-04-17,04:48:50,33.75,61.0,22.0,24.304,120.73
74DA38C7D640,2025-04-17,04:48:51,26.37,100.0,16.0,24.802,120.959
74DA38C7D408,2025-04-17,04:48:52,28.61,100.0,4.0,23.755,120.374
74DA38C7CEAC,2025-04-17,04:49:12,29.5,100.0,6.0,23.459,120.455
74DA38C7D63E,2025-04-17,04:49:36,25.37,100.0,5.0,24.747,121.004
74DA38C7D510,2025-04-17,04:49:54,28.61,100.0,14.0,24.789,120.927
74DA38C7D4B4,2025-04-17,04:50:39,27.5,71.0,13.0,23.605,120.459
74DA38B0539E,2025-04-17,04:51:23,32.86,92.0,9.0,23.581,120.559
74DA38C7D652,2025-04-17,04:51:25,25.37,83.0,12.0,24.784,121.022
74DA38C7D58C,2025-04-17,04:51:49,24.87,100.0,18.0,24.843,120.927
74DA38C7D606,2025-04-17,04:52:14,26.87,81.0,20.0,24.822,120.973
74DA38B053CA,2025-04-17,04:52:38,23.75,78.0,23.0,24.948,121.206
74DA38B053B2,2025-04-17,04:52:48,31.36,100.0,4.0,23.462,120.454
74DA38C7D60A,2025-04-17,04:53:33,27.5,100.0,0.0,24.741,120.906
74DA38B053AE,2025-04-17,04:54:46,33.75,60.0,25.0,24.304,120.73
74DA38C7D640,2025-04-17,04:54:54,26.37,100.0,16.0,24.802,120.959
74DA38C7D408,2025-04-17,04:55:08,28.61,100.0,4.0,23.755,120.374
74DA38C7CEAC,2025-04-17,04:55:13,29.5,100.0,6.0,23.459,120.455
74DA38C7D63E,2025-04-17,04:55:38,25.5,100.0,5.0,24.747,121.004
74DA38C7D510,2025-04-17,04:55:50,28.61,100.0,14.0,24.789,120.927
74DA38C7D4B4,2025-04-17,04:56:40,27.5,72.0,11.0,23.605,120.459
74DA38C7D652,2025-04-17,04:57:27,25.37,83.0,11.0,24.784,121.022
74DA38C7D58C,2025-04-17,04:57:51,24.87,100.0,17.0,24.843,120.927
74DA38C7D606,2025-04-17,04:58:18,26.87,82.0,19.0,24.822,120.973
74DA38B053CA,2025-04-17,04:58:33,23.75,78.0,25.0,24.948,121.206
74DA38B053B2,2025-04-17,04:58:43,31.5,100.0,5.0,23.462,120.454
74DA38C7D60A,2025-04-17,04:59:35,27.62,100.0,0.0,24.741,120.906
74DA38B053AE,2025-04-17,05:00:42,33.5,61.0,25.0,24.304,120.73
74DA38C7D640,2025-04-17,05:00:56,26.62,100.0,16.0,24.802,120.959
74DA38C7D408,2025-04-17,05:01:10,28.75,100.0,4.0,23.755,120.374
74DA38C7CEAC,2025-04-17,05:01:14,29.5,100.0,6.0,23.459,120.455
74DA38C7D63E,2025-04-17,05:01:40,25.5,100.0,4.0,24.747,121.004
74DA38C7D510,2025-04-17,05:01:46,28.75,100.0,15.0,24.789,120.927
74DA38C7D4B4,2025-04-17,05:02:42,27.62,72.0,12.0,23.605,120.459
74DA38B0539E,2025-04-17,05:03:13,33.36,90.0,8.0,23.581,120.559
74DA38C7D652,2025-04-17,05:03:29,25.37,83.0,11.0,24.784,121.022
74DA38C7D58C,2025-04-17,05:03:54,24.87,100.0,18.0,24.843,120.927
74DA38C7D606,2025-04-17,05:04:20,26.87,82.0,19.0,24.822,120.973
74DA38B053CA,2025-04-17,05:04:27,23.75,78.0,24.0,24.948,121.206
74DA38B053B2,2025-04-17,05:04:38,31.61,100.0,8.0,23.462,120.454
74DA38C7D60A,2025-04-17,05:05:36,27.75,100.0,0.0,24.741,120.906
74DA38B053AE,2025-04-17,05:06:39,33.36,62.0,46.0,24.304,120.73
74DA38C7D640,2025-04-17,05:06:58,26.75,100.0,16.0,24.802,120.959
74DA38C7CEAC,2025-04-17,05:07:16,29.5,100.0,13.0,23.459,120.455
74DA38C7D510,2025-04-17,05:07:42,28.86,100.0,14.0,24.789,120.927
74DA38C7D63E,2025-04-17,05:07:42,25.5,100.0,5.0,24.747,121.004
74DA38C7D4B4,2025-04-17,05:08:43,27.75,73.0,16.0,23.605,120.459
74DA38B0539E,2025-04-17,05:09:09,33.5,91.0,10.0,23.581,120.559
74DA38C7D652,2025-04-17,05:09:32,25.5,83.0,10.0,24.784,121.022
74DA38C7D58C,2025-04-17,05:09:57,24.87,100.0,18.0,24.843,120.927
74DA38B053CA,2025-04-17,05:10:21,23.87,78.0,25.0,24.948,121.206
74DA38C7D606,2025-04-17,05:10:23,27.0,81.0,18.0,24.822,120.973
74DA38B053B2,2025-04-17,05:10:33,31.61,100.0,10.0,23.462,120.454
74DA38C7D60A,2025-04-17,05:11:37,27.87,100.0,0.0,24.741,120.906
74DA38C7CEAC,2025-04-17,05:13:18,29.5,100.0,13.0,23.459,120.455
74DA38C7D510,2025-04-17,05:13:39,29.0,100.0,15.0,24.789,120.927
74DA38C7D63E,2025-04-17,05:13:44,25.62,100.0,4.0,24.747,121.004
74DA38C7D4B4,2025-04-17,05:14:45,27.87,72.0,20.0,23.605,120.459
74DA38B0539E,2025-04-17,05:15:04,33.75,89.0,9.0,23.581,120.559
74DA38C7D652,2025-04-17,05:15:35,25.5,83.0,12.0,24.784,121.022
74DA38C7D58C,2025-04-17,05:15:59,24.87,100.0,18.0,24.843,120.927
74DA38B053CA,2025-04-17,05:16:15,23.75,78.0,25.0,24.948,121.206
74DA38C7D606,2025-04-17,05:16:25,27.0,80.0,20.0,24.822,120.973
74DA38B053B2,2025-04-17,05:16:28,31.5,100.0,11.0,23.462,120.454
74DA38C7D60A,2025-04-17,05:17:39,27.87,100.0,0.0,24.741,120.906
74DA38B053AE,2025-04-17,05:18:36,33.0,62.0,30.0,24.304,120.73
74DA38C7D640,2025-04-17,05:19:04,26.5,100.0,16.0,24.802,120.959
74DA38C7CEAC,2025-04-17,05:19:18,29.5,100.0,14.0,23.459,120.455
74DA38C7D510,2025-04-17,05:19:36,29.11,100.0,15.0,24.789,120.927
74DA38C7D63E,2025-04-17,05:19:46,25.5,100.0,5.0,24.747,121.004
74DA38C7D408,2025-04-17,05:20:16,29.11,100.0,4.0,23.755,120.374
74DA38C7D4B4,2025-04-17,05:20:47,27.87,72.0,21.0,23.605,120.459
74DA38B0539E,2025-04-17,05:20:59,33.61,87.0,10.0,23.581,120.559
74DA38C7D652,2025-04-17,05:21:38,25.62,83.0,11.0,24.784,121.022
74DA38C7D58C,2025-04-17,05:22:01,24.87,100.0,18.0,24.843,120.927
74DA38B053CA,2025-04-17,05:22:09,23.75,78.0,25.0,24.948,121.206
74DA38B053B2,2025-04-17,05:22:23,31.75,100.0,11.0,23.462,120.454
74DA38C7D606,2025-04-17,05:22:28,26.87,81.0,19.0,24.822,120.973
74DA38C7D60A,2025-04-17,05:23:40,27.87,100.0,0.0,24.741,120.906
74DA38B053AE,2025-04-17,05:24:31,32.5,62.0,27.0,24.304,120.73
74DA38C7D640,2025-04-17,05:25:08,26.62,100.0,16.0,24.802,120.959
74DA38C7CEAC,2025-04-17,05:25:21,29.5,100.0,16.0,23.459,120.455
74DA38C7D510,2025-04-17,05:25:32,29.11,100.0,16.0,24.789,120.927
74DA38C7D63E,2025-04-17,05:25:49,25.5,100.0,5.0,24.747,121.004
74DA38C7D4B4,2025-04-17,05:26:49,27.87,72.0,21.0,23.605,120.459
74DA38B0539E,2025-04-17,05:26:54,33.5,88.0,10.0,23.581,120.559
74DA38C7D652,2025-04-17,05:27:39,25.75,83.0,11.0,24.784,121.022
74DA38C7D58C,2025-04-17,05:28:03,25.0,100.0,18.0,24.843,120.927
74DA38B053B2,2025-04-17,05:28:18,31.61,100.0,13.0,23.462,120.454
74DA38C7D606,2025-04-17,05:28:31,26.87,81.0,19.0,24.822,120.973
74DA38C7D60A,2025-04-17,05:29:42,27.75,100.0,0.0,24.741,120.906
74DA38B053AE,2025-04-17,05:30:27,32.0,64.0,25.0,24.304,120.73
74DA38C7D640,2025-04-17,05:31:10,26.75,100.0,17.0,24.802,120.959
74DA38C7CEAC,2025-04-17,05:31:22,29.5,100.0,16.0,23.459,120.455
74DA38C7D510,2025-04-17,05:31:28,29.25,100.0,15.0,24.789,120.927
74DA38C7D63E,2025-04-17,05:31:50,25.5,100.0,5.0,24.747,121.004
74DA38B0539E,2025-04-17,05:32:50,33.61,90.0,13.0,23.581,120.559
74DA38C7D4B4,2025-04-17,05:32:51,27.87,72.0,22.0,23.605,120.459
74DA38C7D652,2025-04-17,05:33:43,25.75,83.0,11.0,24.784,121.022
74DA38B053CA,2025-04-17,05:33:57,23.75,78.0,25.0,24.948,121.206
74DA38C7D58C,2025-04-17,05:34:06,25.0,100.0,17.0,24.843,120.927
74DA38B053B2,2025-04-17,05:34:13,31.61,100.0,13.0,23.462,120.454
74DA38C7D606,2025-04-17,05:34:33,27.0,81.0,20.0,24.822,120.973
74DA38C7D60A,2025-04-17,05:35:43,28.11,100.0,0.0,24.741,120.906
74DA38B053AE,2025-04-17,05:36:23,31.86,64.0,29.0,24.304,120.73
74DA38C7D408,2025-04-17,05:36:49,29.0,100.0,9.0,23.755,120.374
74DA38C7CEAC,2025-04-17,05:37:23,29.61,100.0,16.0,23.459,120.455
74DA38C7D510,2025-04-17,05:37:25,29.36,100.0,14.0,24.789,120.927
74DA38C7D63E,2025-04-17,05:37:52,25.5,100.0,4.0,24.747,121.004
74DA38B0539E,2025-04-17,05:38:45,33.61,92.0,18.0,23.581,120.559
74DA38C7D4B4,2025-04-17,05:38:54,28.0,72.0,23.0,23.605,120.459
74DA38C7D652,2025-04-17,05:39:47,25.62,84.0,10.0,24.784,121.022
74DA38B053CA,2025-04-17,05:39:51,23.75,79.0,26.0,24.948,121.206
74DA38B053B2,2025-04-17,05:40:08,32.11,100.0,12.0,23.462,120.454
74DA38C7D58C,2025-04-17,05:40:08,25.12,100.0,18.0,24.843,120.927
74DA38C7D606,2025-04-17,05:40:37,27.0,80.0,19.0,24.822,120.973
74DA38C7D60A,2025-04-17,05:41:45,28.0,100.0,0.0,24.741,120.906
74DA38B053AE,2025-04-17,05:42:19,31.61,65.0,28.0,24.304,120.73
74DA38C7D640,2025-04-17,05:43:15,26.62,100.0,17.0,24.802,120.959
74DA38C7CEAC,2025-04-17,05:43:24,29.61,100.0,15.0,23.459,120.455
74DA38C7D63E,2025-04-17,05:43:53,25.5,100.0,5.0,24.747,121.004
74DA38B0539E,2025-04-17,05:44:40,33.75,92.0,21.0,23.581,120.559
74DA38C7D4B4,2025-04-17,05:44:55,28.0,72.0,23.0,23.605,120.459
74DA38B053CA,2025-04-17,05:45:45,23.75,79.0,26.0,24.948,121.206
74DA38C7D652,2025-04-17,05:45:50,25.87,84.0,11.0,24.784,121.022
74DA38B053B2,2025-04-17,05:46:03,32.5,100.0,11.0,23.462,120.454
74DA38C7D58C,2025-04-17,05:46:11,25.12,100.0,19.0,24.843,120.927
74DA38C7D408,2025-04-17,05:46:28,28.86,100.0,9.0,23.755,120.374
74DA38C7D606,2025-04-17,05:46:39,26.87,80.0,20.0,24.822,120.973
74DA38C7D60A,2025-04-17,05:47:46,28.11,100.0,0.0,24.741,120.906
74DA38B053AE,2025-04-17,05:48:15,31.25,65.0,27.0,24.304,120.73
74DA38C7D510,2025-04-17,05:49:17,29.25,100.0,14.0,24.789,120.927
74DA38C7D640,2025-04-17,05:49:19,26.5,100.0,17.0,24.802,120.959
74DA38C7CEAC,2025-04-17,05:49:27,29.75,100.0,15.0,23.459,120.455
74DA38C7D63E,2025-04-17,05:49:55,25.37,100.0,6.0,24.747,121.004
74DA38B0539E,2025-04-17,05:50:35,33.75,92.0,19.0,23.581,120.559
74DA38C7D4B4,2025-04-17,05:50:57,28.0,72.0,22.0,23.605,120.459
74DA38B053CA,2025-04-17,05:51:40,23.75,79.0,26.0,24.948,121.206
74DA38C7D652,2025-04-17,05:51:51,25.87,84.0,11.0,24.784,121.022
74DA38B053B2,2025-04-17,05:51:58,32.5,100.0,11.0,23.462,120.454
74DA38C7D58C,2025-04-17,05:52:14,25.0,100.0,18.0,24.843,120.927
74DA38C7D606,2025-04-17,05:52:42,27.0,81.0,20.0,24.822,120.973
74DA38C7D60A,2025-04-17,05:53:48,28.11,100.0,0.0,24.741,120.906
74DA38B053AE,2025-04-17,05:54:11,31.0,67.0,28.0,24.304,120.73
74DA38C7D510,2025-04-17,05:55:13,29.11,100.0,15.0,24.789,120.927
74DA38C7CEAC,2025-04-17,05:55:29,29.61,100.0,14.0,23.459,120.455
74DA38C7D640,2025-04-17,05:55:45,26.62,100.0,17.0,24.802,120.959
74DA38C7D63E,2025-04-17,05:55:57,25.25,100.0,6.0,24.747,121.004
74DA38B0539E,2025-04-17,05:56:31,33.86,91.0,21.0,23.581,120.559
74DA38C7D4B4,2025-04-17,05:56:59,28.11,73.0,21.0,23.605,120.459
74DA38B053CA,2025-04-17,05:57:34,23.75,79.0,26.0,24.948,121.206
74DA38B053B2,2025-04-17,05:57:53,32.11,100.0,10.0,23.462,120.454
74DA38C7D652,2025-04-17,05:57:53,26.0,84.0,11.0,24.784,121.022
74DA38C7D58C,2025-04-17,05:58:17,25.0,100.0,18.0,24.843,120.927
74DA38C7D60A,2025-04-17,05:59:49,28.25,100.0,0.0,24.741,120.906
74DA38B053AE,2025-04-17,06:00:07,30.61,67.0,28.0,24.304,120.73
74DA38C7D510,2025-04-17,06:01:09,29.11,100.0,15.0,24.789,120.927
74DA38C7CEAC,2025-04-17,06:01:31,29.75,100.0,13.0,23.459,120.455
74DA38C7D640,2025-04-17,06:01:37,26.75,100.0,17.0,24.802,120.959
74DA38C7D63E,2025-04-17,06:02:01,25.37,100.0,6.0,24.747,121.004
74DA38B0539E,2025-04-17,06:02:26,34.11,90.0,22.0,23.581,120.559
74DA38C7D4B4,2025-04-17,06:03:00,28.11,73.0,20.0,23.605,120.459
74DA38B053CA,2025-04-17,06:03:28,23.87,79.0,25.0,24.948,121.206
74DA38B053B2,2025-04-17,06:03:49,32.0,100.0,10.0,23.462,120.454
74DA38C7D652,2025-04-17,06:03:57,25.75,84.0,10.0,24.784,121.022
74DA38C7D58C,2025-04-17,06:04:19,25.12,100.0,18.0,24.843,120.927
74DA38C7D606,2025-04-17,06:04:46,27.0,80.0,21.0,24.822,120.973
74DA38C7D60A,2025-04-17,06:05:51,28.11,100.0,0.0,24.741,120.906
74DA38B053AE,2025-04-17,06:06:03,30.25,68.0,28.0,24.304,120.73
74DA38C7D510,2025-04-17,06:07:05,29.25,100.0,15.0,24.789,120.927
74DA38C7CEAC,2025-04-17,06:07:32,29.61,100.0,13.0,23.459,120.455
74DA38C7D640,2025-04-17,06:07:39,26.75,100.0,17.0,24.802,120.959
74DA38C7D63E,2025-04-17,06:08:03,25.37,100.0,5.0,24.747,121.004
74DA38B0539E,2025-04-17,06:08:21,34.25,90.0,20.0,23.581,120.559
74DA38C7D4B4,2025-04-17,06:09:02,28.11,73.0,18.0,23.605,120.459
74DA38B053CA,2025-04-17,06:09:22,23.75,79.0,28.0,24.948,121.206
74DA38C7D408,2025-04-17,06:09:35,28.86,100.0,9.0,23.755,120.374
74DA38B053B2,2025-04-17,06:09:43,31.61,100.0,9.0,23.462,120.454
74DA38C7D652,2025-04-17,06:09:59,25.62,85.0,12.0,24.784,121.022
74DA38C7D58C,2025-04-17,06:10:22,25.12,100.0,19.0,24.843,120.927
74DA38C7D606,2025-04-17,06:10:48,27.0,80.0,20.0,24.822,120.973
74DA38C7D60A,2025-04-17,06:11:53,28.11,100.0,0.0,24.741,120.906
74DA38B053AE,2025-04-17,06:11:59,29.86,68.0,25.0,24.304,120.73
74DA38C7D510,2025-04-17,06:13:02,29.36,100.0,16.0,24.789,120.927
74DA38C7CEAC,2025-04-17,06:13:36,29.75,100.0,12.0,23.459,120.455
74DA38C7D640,2025-04-17,06:13:42,26.75,100.0,16.0,24.802,120.959
74DA38C7D63E,2025-04-17,06:14:05,25.37,100.0,6.0,24.747,121.004
74DA38B0539E,2025-04-17,06:14:17,34.36,88.0,24.0,23.581,120.559
74DA38C7D4B4,2025-04-17,06:15:04,28.25,73.0,17.0,23.605,120.459
74DA38B053CA,2025-04-17,06:15:16,23.87,79.0,25.0,24.948,121.206
74DA38C7D408,2025-04-17,06:15:37,28.86,100.0,12.0,23.755,120.374
74DA38B053B2,2025-04-17,06:15:39,31.5,100.0,8.0,23.462,120.454
74DA38C7D652,2025-04-17,06:16:00,25.62,86.0,12.0,24.784,121.022
74DA38C7D58C,2025-04-17,06:16:24,25.12,100.0,18.0,24.843,120.927
74DA38C7D606,2025-04-17,06:16:50,27.12,81.0,21.0,24.822,120.973
74DA38C7D60A,2025-04-17,06:17:54,28.25,100.0,0.0,24.741,120.906
74DA38B053AE,2025-04-17,06:17:55,29.61,70.0,25.0,24.304,120.73
74DA38C7D510,2025-04-17,06:18:58,29.5,100.0,16.0,24.789,120.927
74DA38C7CEAC,2025-04-17,06:19:37,29.75,100.0,12.0,23.459,120.455
74DA38C7D640,2025-04-17,06:19:47,26.37,100.0,17.0,24.802,120.959
74DA38C7D63E,2025-04-17,06:20:08,25.5,100.0,7.0,24.747,121.004
74DA38B0539E,2025-04-17,06:20:12,33.86,91.0,19.0,23.581,120.559
74DA38C7D4B4,2025-04-17,06:21:05,28.25,73.0,16.0,23.605,120.459
74DA38B053CA,2025-04-17,06:21:10,23.87,79.0,24.0,24.948,121.206
74DA38B053B2,2025-04-17,06:21:34,31.25,100.0,8.0,23.462,120.454
74DA38C7D652,2025-04-17,06:22:07,25.62,85.0,12.0,24.784,121.022
74DA38C7D58C,2025-04-17,06:22:26,25.12,100.0,18.0,24.843,120.927
74DA38C7D606,2025-04-17,06:22:53,27.12,80.0,19.0,24.822,120.973
74DA38B053AE,2025-04-17,06:23:51,29.36,71.0,25.0,24.304,120.73
74DA38C7D60A,2025-04-17,06:23:55,28.25,100.0,0.0,24.741,120.906
74DA38C7D510,2025-04-17,06:24:54,29.5,100.0,15.0,24.789,120.927
74DA38C7CEAC,2025-04-17,06:25:39,29.61,100.0,12.0,23.459,120.455
74DA38C7D640,2025-04-17,06:25:50,26.37,100.0,17.0,24.802,120.959
74DA38B0539E,2025-04-17,06:26:07,33.61,92.0,20.0,23.581,120.559
74DA38C7D63E,2025-04-17,06:26:10,25.37,100.0,6.0,24.747,121.004
74DA38B053CA,2025-04-17,06:27:04,23.87,79.0,23.0,24.948,121.206
74DA38C7D4B4,2025-04-17,06:27:07,28.25,73.0,16.0,23.605,120.459
74DA38B053B2,2025-04-17,06:27:29,31.0,100.0,8.0,23.462,120.454
74DA38C7D652,2025-04-17,06:28:08,25.87,85.0,12.0,24.784,121.022
74DA38C7D58C,2025-04-17,06:28:28,25.12,100.0,19.0,24.843,120.927
74DA38C7D606,2025-04-17,06:28:55,27.12,80.0,19.0,24.822,120.973
74DA38B053AE,2025-04-17,06:29:46,29.61,71.0,23.0,24.304,120.73
74DA38C7D60A,2025-04-17,06:29:57,28.5,100.0,0.0,24.741,120.906
74DA38C7D510,2025-04-17,06:30:51,29.61,100.0,15.0,24.789,120.927
74DA38C7CEAC,2025-04-17,06:31:40,29.61,100.0,11.0,23.459,120.455
74DA38C7D640,2025-04-17,06:31:54,26.37,100.0,17.0,24.802,120.959
74DA38B0539E,2025-04-17,06:32:03,33.75,92.0,21.0,23.581,120.559
74DA38C7D63E,2025-04-17,06:32:12,25.5,100.0,5.0,24.747,121.004
74DA38B053CA,2025-04-17,06:32:58,23.87,79.0,24.0,24.948,121.206
74DA38C7D4B4,2025-04-17,06:33:08,28.25,73.0,15.0,23.605,120.459
74DA38B053B2,2025-04-17,06:33:24,31.25,100.0,8.0,23.462,120.454
74DA38C7D652,2025-04-17,06:34:10,25.75,84.0,11.0,24.784,121.022
74DA38C7D58C,2025-04-17,06:34:32,25.25,100.0,19.0,24.843,120.927
74DA38C7D606,2025-04-17,06:34:58,27.12,81.0,19.0,24.822,120.973
74DA38B053AE,2025-04-17,06:35:42,29.61,70.0,23.0,24.304,120.73
74DA38C7D60A,2025-04-17,06:35:58,28.0,100.0,0.0,24.741,120.906
74DA38C7D510,2025-04-17,06:36:47,29.75,100.0,14.0,24.789,120.927
74DA38C7CEAC,2025-04-17,06:37:42,29.5,100.0,10.0,23.459,120.455
74DA38C7D640,2025-04-17,06:37:57,26.62,100.0,17.0,24.802,120.959
74DA38B0539E,2025-04-17,06:37:58,33.5,93.0,19.0,23.581,120.559
74DA38C7D63E,2025-04-17,06:38:13,25.5,100.0,4.0,24.747,121.004
74DA38C7D4B4,2025-04-17,06:39:09,28.25,73.0,15.0,23.605,120.459
74DA38B053B2,2025-04-17,06:39:19,31.0,100.0,8.0,23.462,120.454
74DA38C7D652,2025-04-17,06:40:16,25.62,85.0,12.0,24.784,121.022
74DA38C7D408,2025-04-17,06:40:23,28.36,100.0,14.0,23.755,120.374
74DA38C7D58C,2025-04-17,06:40:34,25.25,100.0,19.0,24.843,120.927
74DA38C7D606,2025-04-17,06:40:59,27.25,81.0,20.0,24.822,120.973
74DA38B053AE,2025-04-17,06:41:38,29.5,71.0,22.0,24.304,120.73
74DA38C7D60A,2025-04-17,06:42:00,28.0,100.0,0.0,24.741,120.906
74DA38C7D510,2025-04-17,06:42:43,29.5,100.0,16.0,24.789,120.927
74DA38C7CEAC,2025-04-17,06:43:43,29.61,100.0,10.0,23.459,120.455
74DA38B0539E,2025-04-17,06:43:53,33.61,93.0,19.0,23.581,120.559
74DA38C7D640,2025-04-17,06:44:00,26.62,100.0,17.0,24.802,120.959
74DA38C7D63E,2025-04-17,06:44:15,25.5,100.0,5.0,24.747,121.004
74DA38B053CA,2025-04-17,06:44:46,23.87,79.0,23.0,24.948,121.206
74DA38C7D4B4,2025-04-17,06:45:11,28.25,73.0,15.0,23.605,120.459
74DA38B053B2,2025-04-17,06:45:14,30.86,100.0,8.0,23.462,120.454
74DA38C7D652,2025-04-17,06:46:18,25.62,86.0,11.0,24.784,121.022
74DA38C7D58C,2025-04-17,06:46:37,25.25,100.0,18.0,24.843,120.927
74DA38C7D606,2025-04-17,06:47:01,27.25,80.0,19.0,24.822,120.973
74DA38B053AE,2025-04-17,06:47:34,29.25,72.0,22.0,24.304,120.73
74DA38C7D60A,2025-04-17,06:48:01,28.61,100.0,0.0,24.741,120.906
74DA38C7D510,2025-04-17,06:48:39,29.75,100.0,16.0,24.789,120.927
74DA38C7CEAC,2025-04-17,06:49:45,29.5,100.0,10.0,23.459,120.455
74DA38B0539E,2025-04-17,06:49:49,33.61,94.0,17.0,23.581,120.559
74DA38C7D640,2025-04-17,06:50:01,26.62,100.0,17.0,24.802,120.959
74DA38C7D63E,2025-04-17,06:50:17,25.62,100.0,5.0,24.747,121.004
74DA38B053CA,2025-04-17,06:50:40,23.87,79.0,23.0,24.948,121.206
74DA38B053B2,2025-04-17,06:51:09,31.0,100.0,8.0,23.462,120.454
74DA38C7D4B4,2025-04-17,06:51:12,28.36,74.0,15.0,23.605,120.459
74DA38C7D652,2025-04-17,06:52:19,25.5,86.0,11.0,24.784,121.022
74DA38C7D58C,2025-04-17,06:52:41,25.25,100.0,19.0,24.843,120.927
74DA38C7D606,2025-04-17,06:53:03,27.25,81.0,18.0,24.822,120.973
74DA38B053AE,2025-04-17,06:53:30,29.0,73.0,22.0,24.304,120.73
74DA38C7D60A,2025-04-17,06:54:03,28.61,100.0,0.0,24.741,120.906
74DA38C7D510,2025-04-17,06:54:35,29.86,100.0,17.0,24.789,120.927
74DA38B0539E,2025-04-17,06:55:44,33.75,94.0,16.0,23.581,120.559
74DA38C7CEAC,2025-04-17,06:55:47,29.5,100.0,10.0,23.459,120.455
74DA38C7D63E,2025-04-17,06:56:18,25.75,100.0,5.0,24.747,121.004
74DA38C7D640,2025-04-17,06:56:19,26.62,100.0,17.0,24.802,120.959
74DA38B053CA,2025-04-17,06:56:34,23.87,79.0,22.0,24.948,121.206
74DA38B053B2,2025-04-17,06:57:04,31.25,100.0,8.0,23.462,120.454
74DA38C7D652,2025-04-17,06:58:20,25.5,86.0,11.0,24.784,121.022
74DA38C7D58C,2025-04-17,06:58:44,25.25,100.0,19.0,24.843,120.927
74DA38C7D606,2025-04-17,06:59:07,27.25,81.0,19.0,24.822,120.973
74DA38B053AE,2025-04-17,06:59:25,29.11,72.0,19.0,24.304,120.73
74DA38C7D60A,2025-04-17,07:00:04,28.75,100.0,0.0,24.741,120.906
74DA38C7D510,2025-04-17,07:00:31,29.61,100.0,16.0,24.789,120.927
74DA38B0539E,2025-04-17,07:01:39,33.61,95.0,18.0,23.581,120.559
74DA38C7CEAC,2025-04-17,07:01:48,29.5,100.0,11.0,23.459,120.455
74DA38C7D63E,2025-04-17,07:02:20,25.75,100.0,5.0,24.747,121.004
74DA38C7D640,2025-04-17,07:02:26,26.62,100.0,17.0,24.802,120.959
74DA38B053CA,2025-04-17,07:02:29,23.87,79.0,21.0,24.948,121.206
74DA38B053B2,2025-04-17,07:02:59,31.25,100.0,8.0,23.462,120.454
74DA38C7D4B4,2025-04-17,07:03:15,28.36,74.0,14.0,23.605,120.459
74DA38B053B2,2025-04-17,07:08:54,31.36,100.0,7.0,23.462,120.454
